Name,Model,Ex-Showroom_Price,CC,Cylinders,Fuel_Type,Ground_Clearance,Power,Torque,Type,ARAI_Certified_Mileage,Weight,BHP,Power_to_Weight,Performance_Class
Tata,Nano Genx,292667,624,2,Petrol,180,38,51,Manual,23,735,38.0,51.70068027210884,Low
Tata,Nano Genx,236447,624,2,Petrol,180,38,51,Manual,23,735,38.0,51.70068027210884,Low
Tata,Nano Genx,334768,624,2,Petrol,180,38,51,Auto,21,735,38.0,51.70068027210884,Low
Tata,Nano Genx,272223,624,2,Petrol,180,38,51,Manual,23,735,38.0,51.70068027210884,Low
Tata,Nano Genx,314815,624,2,Petrol,180,38,51,Auto,21,735,38.0,51.70068027210884,Low
Datsun,Redi-Go,279650,799,3,Petrol,185,54,72,Manual,25,800,54.0,67.5,Low
Datsun,Redi-Go,351832,799,3,Petrol,185,54,72,Manual,25,800,54.0,67.5,Low
Datsun,Redi-Go,333419,799,3,Petrol,185,54,72,Manual,25,800,54.0,67.5,Low
Datsun,Redi-Go,362000,799,3,Petrol,185,54,72,Manual,25,800,54.0,67.5,Low
Datsun,Redi-Go,390000,999,3,Petrol,185,68,91,Manual,22,800,68.0,85.0,Medium
Datsun,Redi-Go,437065,999,3,Petrol,185,68,91,Auto,23,800,68.0,85.0,Medium
Renault,Kwid,353290,799,3,Petrol,184,54,72,Manual,25,825,54.0,65.45454545454545,Low
Renault,Kwid,283290,799,3,Petrol,184,54,72,Manual,25,825,54.0,65.45454545454545,Low
Renault,Kwid,383290,799,3,Petrol,184,54,72,Manual,25,825,54.0,65.45454545454545,Low
Renault,Kwid,413290,799,3,Petrol,184,54,72,Manual,25,825,54.0,65.45454545454545,Low
Renault,Kwid,433290,999,3,Petrol,184,68,91,Manual,23,825,68.0,82.42424242424242,Medium
Renault,Kwid,454490,999,3,Petrol,184,68,91,Manual,23,825,68.0,82.42424242424242,Medium
Renault,Kwid,463290,999,3,Petrol,184,68,91,Auto,24,825,68.0,82.42424242424242,Medium
Renault,Kwid,484490,999,3,Petrol,184,68,91,Auto,24,825,68.0,82.42424242424242,Medium
Renault,Kwid,440990,999,3,Petrol,184,68,91,Manual,23,825,68.0,82.42424242424242,Medium
Renault,Kwid,470990,999,3,Petrol,184,68,91,Auto,23,825,68.0,82.42424242424242,Medium
Renault,Kwid,462190,999,3,Petrol,184,68,91,Manual,23,825,68.0,82.42424242424242,Medium
Renault,Kwid,492190,999,3,Petrol,184,68,91,Auto,24,825,68.0,82.42424242424242,Medium
Maruti Suzuki,Eeco,352136,1196,4,Petrol,160,73,101,Manual,15,940,73.0,77.65957446808511,Medium
Maruti Suzuki,Eeco,380573,1196,4,Petrol,160,74,101,Manual,15,940,74.0,78.72340425531915,Medium
Maruti Suzuki,Eeco,392967,1196,4,Petrol,160,73,101,Manual,15,940,73.0,77.65957446808511,Medium
Maruti Suzuki,Alto K10,377588,998,3,Petrol,160,68,90,Manual,24,740,68.0,91.8918918918919,Medium
Maruti Suzuki,Alto K10,394036,998,3,Petrol,160,68,90,Manual,24,740,68.0,91.8918918918919,Medium
Maruti Suzuki,Alto K10,360843,998,3,Petrol,160,68,90,Manual,24,740,68.0,91.8918918918919,Medium
Maruti Suzuki,Alto K10,407238,998,3,Petrol,160,68,90,Manual,24,740,68.0,91.8918918918919,Medium
Maruti Suzuki,Alto K10,438559,998,3,Petrol,160,68,90,Auto,24,740,68.0,91.8918918918919,Medium
Datsun,Go,374990,1198,3,Petrol,180,68,104,Manual,20,850,68.0,80.0,Medium
Datsun,Go,468229,1198,3,Petrol,180,68,104,Manual,20,850,68.0,80.0,Medium
Datsun,Go,502492,1198,3,Petrol,180,68,104,Manual,20,850,68.0,80.0,Medium
Datsun,Go,499990,1198,3,Petrol,180,68,104,Manual,20,850,68.0,80.0,Medium
Datsun,Go,469990,1198,3,Petrol,180,68,104,Manual,20,850,68.0,80.0,Medium
Datsun,Go,528464,1198,3,Petrol,180,68,104,Manual,20,850,68.0,80.0,Medium
Datsun,Go,553015,1198,3,Petrol,180,68,104,Manual,20,850,68.0,80.0,Medium
Datsun,Go,594464,1198,3,Petrol,180,78,104,Manual,20,850,78.0,91.76470588235294,Medium
Datsun,Go,618015,1198,3,Petrol,180,78,104,Manual,20,850,78.0,91.76470588235294,Medium
Maruti Suzuki,Celerio Tour,422444,998,3,Petrol,165,68,90,Manual,23,830,68.0,81.9277108433735,Medium
Tata,Tiago,520000,1199,3,Petrol,170,86,114,Manual,23,930,86.0,92.47311827956989,Medium
Tata,Tiago,570000,1199,3,Petrol,170,86,114,Manual,23,930,86.0,92.47311827956989,Medium
Tata,Tiago,599000,1199,3,Petrol,170,86,114,Manual,23,930,86.0,92.47311827956989,Medium
Tata,Tiago,610000,1199,3,Petrol,170,86,114,Manual,23,930,86.0,92.47311827956989,Medium
Tata,Tiago,620000,1199,3,Petrol,170,86,114,Auto,24,930,86.0,92.47311827956989,Medium
Tata,Tiago,649000,1199,3,Petrol,170,86,114,Auto,24,930,86.0,92.47311827956989,Medium
Tata,Tiago,660000,1199,3,Petrol,170,86,114,Auto,24,930,86.0,92.47311827956989,Medium
Maruti Suzuki,Celerio X,481074,998,3,Petrol,165,68,90,Manual,23,850,68.0,80.0,Medium
Maruti Suzuki,Celerio X,475198,998,3,Petrol,165,68,90,Manual,23,850,68.0,80.0,Medium
Maruti Suzuki,Celerio X,518198,998,3,Petrol,165,68,90,Auto,23,850,68.0,80.0,Medium
Maruti Suzuki,Celerio X,524074,998,3,Petrol,165,68,90,Auto,23,850,68.0,80.0,Medium
Maruti Suzuki,Celerio X,499734,998,3,Petrol,165,68,90,Manual,23,850,68.0,80.0,Medium
Maruti Suzuki,Celerio X,540350,998,3,Petrol,165,68,90,Manual,23,850,68.0,80.0,Medium
Maruti Suzuki,Celerio X,542735,998,3,Petrol,165,68,90,Auto,23,850,68.0,80.0,Medium
Maruti Suzuki,Celerio X,552350,998,3,Petrol,165,68,90,Auto,23,850,68.0,80.0,Medium
Maruti Suzuki,Ignis,713898,1197,4,Petrol,180,83,113,Auto,20,860,83.0,96.51162790697674,Medium
Maruti Suzuki,Ignis,666898,1197,4,Petrol,180,83,113,Manual,20,860,83.0,96.51162790697674,Medium
Maruti Suzuki,Ignis,607841,1197,4,Petrol,180,83,113,Auto,20,860,83.0,96.51162790697674,Medium
Maruti Suzuki,Ignis,560841,1197,4,Petrol,180,83,113,Manual,20,860,83.0,96.51162790697674,Medium
Maruti Suzuki,Ignis,483320,1197,4,Petrol,180,83,113,Manual,20,860,83.0,96.51162790697674,Medium
Maruti Suzuki,Ignis,630320,1197,4,Petrol,180,83,113,Auto,20,860,83.0,96.51162790697674,Medium
Maruti Suzuki,Ignis,583320,1197,4,Petrol,180,83,113,Manual,20,860,83.0,96.51162790697674,Medium
Renault,Triber,495000,999,3,Petrol,182,72,96,Manual,20,960,72.0,75.0,Medium
Renault,Triber,559000,999,3,Petrol,182,72,96,Manual,20,960,72.0,75.0,Medium
Renault,Triber,609000,999,3,Petrol,182,72,96,Manual,20,960,72.0,75.0,Medium
Renault,Triber,663000,999,3,Petrol,182,72,96,Manual,20,960,72.0,75.0,Medium
Premier,Rio,506000,1173,4,Petrol,200,76,103,Manual,16,1080,76.0,70.37037037037038,Medium
Premier,Rio,568623,1489,4,Diesel,200,64,152,Manual,16,1080,64.0,59.25925925925926,Low
Premier,Rio,670000,1173,4,Petrol,200,76,103,Manual,16,1080,76.0,70.37037037037038,Medium
Premier,Rio,603000,1489,4,Diesel,200,64,152,Manual,16,1080,64.0,59.25925925925926,Low
Premier,Rio,739000,1489,4,Diesel,200,64,152,Manual,16,1080,64.0,59.25925925925926,Low
Premier,Rio,739000,1248,4,Diesel,200,72,183,Manual,23,1080,72.0,66.66666666666667,Low
Toyota,Etios Liva,520300,1197,4,Petrol,170,80,104,Manual,18,950,80.0,84.21052631578947,Medium
Toyota,Etios Liva,581000,1197,4,Petrol,170,80,104,Manual,18,950,80.0,84.21052631578947,Medium
Toyota,Etios Liva,647800,1364,4,Diesel,170,68,170,Manual,23,950,68.0,71.57894736842104,Medium
Toyota,Etios Liva,630000,1197,4,Petrol,170,80,104,Manual,18,950,80.0,84.21052631578947,Medium
Toyota,Etios Liva,745000,1364,4,Diesel,170,68,170,Manual,23,950,68.0,71.57894736842104,Medium
Toyota,Etios Liva,704000,1364,4,Diesel,170,68,170,Manual,23,950,68.0,71.57894736842104,Medium
Toyota,Etios Liva,597700,1197,4,Petrol,170,80,104,Manual,18,950,80.0,84.21052631578947,Medium
Toyota,Etios Liva,720700,1364,4,Diesel,170,68,170,Manual,23,950,68.0,71.57894736842104,Medium
Toyota,Etios Liva,641700,1197,4,Petrol,170,80,104,Manual,18,950,80.0,84.21052631578947,Medium
Toyota,Etios Liva,756700,1364,4,Diesel,170,68,170,Manual,23,950,68.0,71.57894736842104,Medium
Toyota,Etios Liva,558400,1197,4,Petrol,170,80,104,Manual,18,950,80.0,84.21052631578947,Medium
Toyota,Etios Liva,686000,1364,4,Diesel,170,68,170,Manual,23,950,68.0,71.57894736842104,Medium
Toyota,Etios Liva,662700,1197,4,Petrol,170,80,104,Manual,18,950,80.0,84.21052631578947,Medium
Toyota,Etios Liva,777700,1364,4,Diesel,170,68,170,Manual,23,950,68.0,71.57894736842104,Medium
Nissan,Micra Active,525021,1198,3,Petrol,154,68,104,Manual,18,1030,68.0,66.01941747572816,Low
Nissan,Micra Active,599950,1198,3,Petrol,154,68,104,Manual,19,1030,68.0,66.01941747572816,Low
Nissan,Micra Active,563133,1198,3,Petrol,154,68,104,Manual,18,1030,68.0,66.01941747572816,Low
Tata,Bolt,787980,1248,4,Diesel,165,75,190,Manual,22,1100,75.0,68.18181818181817,Low
Tata,Bolt,661111,1248,4,Diesel,165,75,190,Manual,22,1100,75.0,68.18181818181817,Low
Tata,Bolt,693798,1248,4,Diesel,165,75,190,Manual,22,1100,75.0,68.18181818181817,Low
Tata,Bolt,719661,1248,4,Diesel,165,75,190,Manual,22,1100,75.0,68.18181818181817,Low
Tata,Bolt,674960,1193,4,Petrol,165,90,140,Manual,17,1100,90.0,81.81818181818181,Medium
Tata,Bolt,529035,1193,4,Petrol,165,90,140,Manual,17,1100,90.0,81.81818181818181,Medium
Tata,Bolt,590268,1193,4,Petrol,165,90,140,Manual,17,1100,90.0,81.81818181818181,Medium
Tata,Bolt,614515,1193,4,Petrol,165,90,140,Manual,17,1100,90.0,81.81818181818181,Medium
Hyundai,Xcent Prime,536859,1197,4,Petrol,165,83,114,Manual,15,1050,83.0,79.04761904761905,Medium
Hyundai,Xcent Prime,639616,1197,4,Diesel,165,70,114,Manual,20,1050,70.0,66.66666666666667,Low
Hyundai,Xcent Prime,620297,1197,4,Diesel,165,71,114,Manual,20,1050,71.0,67.61904761904762,Low
Maruti Suzuki,Dzire Tour,653523,1248,4,Diesel,170,75,190,Manual,28,990,75.0,75.75757575757576,Medium
Maruti Suzuki,Dzire Tour,553423,1197,4,Petrol,170,83,115,Manual,22,990,83.0,83.83838383838383,Medium
Hyundai,Elite I20,559693,1197,4,Petrol,165,84,115,Manual,18,1080,84.0,77.77777777777779,Medium
Hyundai,Elite I20,697803,1396,4,Diesel,170,90,220,Manual,22,1080,90.0,83.33333333333333,Medium
Hyundai,Elite I20,634950,1197,4,Petrol,170,84,115,Manual,18,1080,84.0,77.77777777777779,Medium
Hyundai,Elite I20,770803,1396,4,Diesel,170,90,220,Manual,22,1080,90.0,83.33333333333333,Medium
Hyundai,Elite I20,721693,1197,4,Petrol,170,84,115,Manual,18,1080,84.0,77.77777777777779,Medium
Hyundai,Elite I20,876103,1396,4,Diesel,170,90,220,Manual,22,1080,90.0,83.33333333333333,Medium
Hyundai,Elite I20,808993,1197,4,Petrol,170,84,114,Manual,18,1080,84.0,77.77777777777779,Medium
Hyundai,Elite I20,934003,1396,4,Diesel,170,90,220,Manual,22,1080,90.0,83.33333333333333,Medium
Hyundai,Elite I20,920993,1197,4,Petrol,170,83,115,Auto,18,1080,83.0,76.85185185185185,Medium
Hyundai,Elite I20,751693,1197,4,Petrol,170,84,115,Manual,18,1080,84.0,77.77777777777779,Medium
Hyundai,Elite I20,831693,1197,4,Petrol,170,84,115,Manual,18,1080,84.0,77.77777777777779,Medium
Hyundai,Elite I20,846103,1396,4,Diesel,170,90,220,Manual,22,1080,90.0,83.33333333333333,Medium
Volkswagen,Polo,582000,999,3,Petrol,165,76,95,Manual,18,1050,76.0,72.38095238095238,Medium
Volkswagen,Polo,676500,999,3,Petrol,165,76,95,Manual,18,1050,76.0,72.38095238095238,Medium
Volkswagen,Polo,776500,999,3,Petrol,165,76,95,Manual,18,1050,76.0,72.38095238095238,Medium
Volkswagen,Polo,734500,1498,4,Diesel,165,90,230,Manual,20,1050,90.0,85.71428571428571,Medium
Volkswagen,Polo,851500,1498,4,Diesel,165,90,230,Manual,20,1050,90.0,85.71428571428571,Medium
Volkswagen,Polo,931500,1498,4,Diesel,165,90,230,Manual,20,1050,90.0,85.71428571428571,Medium
Volkswagen,Polo,976000,1197,4,Petrol,165,105,175,Auto,17,1050,105.0,100.0,High
Volkswagen,Polo,988500,1498,4,Diesel,165,110,250,Manual,19,1050,110.0,104.76190476190476,High
Maruti Suzuki,Dzire,582613,1197,4,Petrol,163,84,115,Manual,22,980,84.0,85.71428571428571,Medium
Maruti Suzuki,Dzire,673112,1197,4,Petrol,163,84,115,Manual,22,980,84.0,85.71428571428571,Medium
Maruti Suzuki,Dzire,666622,1248,4,Diesel,163,75,190,Manual,28,980,75.0,76.53061224489797,Medium
Maruti Suzuki,Dzire,732113,1197,4,Petrol,163,84,115,Manual,22,980,84.0,85.71428571428571,Medium
Maruti Suzuki,Dzire,757622,1248,4,Diesel,163,75,190,Manual,28,980,75.0,76.53061224489797,Medium
Maruti Suzuki,Dzire,720112,1197,4,Petrol,163,84,115,Auto,22,980,84.0,85.71428571428571,Medium
Maruti Suzuki,Dzire,863122,1248,4,Diesel,163,75,190,Auto,28,980,75.0,76.53061224489797,Medium
Maruti Suzuki,Dzire,816622,1248,4,Diesel,163,75,190,Manual,28,980,75.0,76.53061224489797,Medium
Maruti Suzuki,Dzire,821613,1197,4,Petrol,163,84,115,Manual,22,980,84.0,85.71428571428571,Medium
Maruti Suzuki,Dzire,779113,1197,4,Petrol,163,84,115,Auto,22,980,84.0,85.71428571428571,Medium
Maruti Suzuki,Dzire,868613,1197,4,Petrol,163,84,115,Auto,22,980,84.0,85.71428571428571,Medium
Maruti Suzuki,Dzire,906122,1248,4,Diesel,163,75,190,Manual,28,980,75.0,76.53061224489797,Medium
Maruti Suzuki,Dzire,804622,1248,4,Diesel,163,75,190,Auto,28,980,75.0,76.53061224489797,Medium
Maruti Suzuki,Dzire,952622,1248,4,Diesel,163,75,190,Auto,28,980,75.0,76.53061224489797,Medium
Ford,Freestyle,676400,1498,4,Diesel,190,100,215,Manual,24,1060,100.0,94.33962264150944,Medium
Ford,Freestyle,790900,1498,4,Diesel,190,100,215,Manual,24,1060,100.0,94.33962264150944,Medium
Ford,Freestyle,836400,1498,4,Diesel,190,100,215,Manual,24,1060,100.0,94.33962264150944,Medium
Ford,Freestyle,591400,1194,3,Petrol,190,96,120,Manual,19,1060,96.0,90.56603773584905,Medium
Ford,Freestyle,721400,1194,3,Petrol,190,96,120,Manual,19,1060,96.0,90.56603773584905,Medium
Ford,Freestyle,756400,1194,3,Petrol,190,96,120,Manual,19,1060,96.0,90.56603773584905,Medium
Ford,Freestyle,681400,1194,3,Petrol,190,96,120,Manual,19,1060,96.0,90.56603773584905,Medium
Ford,Freestyle,745900,1498,3,Diesel,190,100,215,Manual,24,1060,100.0,94.33962264150944,Medium
Volkswagen,Ameo,594000,999,3,Petrol,165,76,95,Manual,19,1065,76.0,71.36150234741784,Medium
Volkswagen,Ameo,665000,999,3,Petrol,165,76,95,Manual,19,1065,76.0,71.36150234741784,Medium
Volkswagen,Ameo,799900,999,3,Petrol,165,76,95,Manual,19,1065,76.0,71.36150234741784,Medium
Toyota,Platinum Etios,627100,1496,4,Petrol,170,90,132,Manual,16,1090,90.0,82.56880733944955,Medium
Toyota,Platinum Etios,718600,1496,4,Petrol,170,90,132,Manual,16,1090,90.0,82.56880733944955,Medium
Toyota,Platinum Etios,734700,1364,4,Diesel,170,68,170,Manual,23,1090,68.0,62.38532110091744,Low
Toyota,Platinum Etios,828600,1364,4,Diesel,170,68,170,Manual,23,1090,68.0,62.38532110091744,Low
Toyota,Platinum Etios,888400,1364,4,Diesel,170,68,170,Manual,23,1090,68.0,62.38532110091744,Low
Toyota,Platinum Etios,778400,1496,4,Petrol,170,90,132,Manual,16,1090,90.0,82.56880733944955,Medium
Toyota,Platinum Etios,689600,1496,4,Petrol,170,90,132,Manual,16,1090,90.0,82.56880733944955,Medium
Toyota,Platinum Etios,799600,1364,4,Diesel,170,68,170,Manual,23,1090,68.0,62.38532110091744,Low
Toyota,Platinum Etios,913400,1364,4,Diesel,170,68,170,Manual,23,1090,68.0,62.38532110091744,Low
Toyota,Platinum Etios,803400,1496,4,Petrol,170,90,132,Manual,16,1090,90.0,82.56880733944955,Medium
Toyota,Etios Cross,802000,1496,4,Petrol,174,90,132,Manual,16,1080,90.0,83.33333333333333,Medium
Toyota,Etios Cross,650000,1197,4,Petrol,174,80,104,Manual,17,1080,80.0,74.07407407407408,Medium
Toyota,Etios Cross,797500,1364,4,Diesel,174,68,170,Manual,23,1080,68.0,62.962962962962955,Low
Toyota,Etios Cross,766000,1364,4,Diesel,174,68,170,Manual,23,1080,68.0,62.962962962962955,Low
Toyota,Etios Cross,668500,1197,4,Petrol,174,80,104,Manual,17,1080,80.0,74.07407407407408,Medium
Toyota,Etios Cross,816000,1364,4,Diesel,174,68,170,Manual,23,1080,68.0,62.962962962962955,Low
Mahindra,Verito Vibe,657628,1461,4,Diesel,172,65,160,Manual,20,1140,65.0,57.017543859649116,Low
Mahindra,Verito Vibe,685729,1461,4,Diesel,172,65,160,Manual,20,1140,65.0,57.017543859649116,Low
Mahindra,Verito Vibe,750428,1461,4,Diesel,172,65,160,Manual,20,1140,65.0,57.017543859649116,Low
Fiat,Urban Cross,677618,1248,4,Diesel,205,93,209,Manual,20,1195,93.0,77.82426778242677,Medium
Fiat,Urban Cross,977516,1368,4,Petrol,205,140,210,Manual,17,1195,140.0,117.15481171548117,High
Fiat,Urban Cross,810211,1248,4,Diesel,205,93,209,Manual,20,1195,93.0,77.82426778242677,Medium
Fiat,Avventura,796132,1248,4,Diesel,205,93,209,Manual,20,1195,93.0,77.82426778242677,Medium
Fiat,Avventura,711801,1248,4,Diesel,205,93,209,Manual,20,1195,93.0,77.82426778242677,Medium
Fiat,Avventura,876341,1248,4,Diesel,205,93,209,Manual,20,1195,93.0,77.82426778242677,Medium
Honda,Jazz,745000,1199,4,Petrol,165,90,110,Manual,18,1040,90.0,86.53846153846153,Medium
Honda,Jazz,909000,1199,4,Petrol,165,90,110,Auto,19,1040,90.0,86.53846153846153,Medium
Honda,Jazz,789000,1199,4,Petrol,165,90,110,Manual,18,1040,90.0,86.53846153846153,Medium
Honda,Jazz,865000,1199,4,Petrol,165,90,110,Auto,19,1040,90.0,86.53846153846153,Medium
Honda,Jazz,816500,1498,4,Diesel,165,100,200,Manual,27,1040,100.0,96.15384615384616,Medium
Honda,Jazz,896500,1498,4,Diesel,165,100,200,Manual,27,1040,100.0,96.15384615384616,Medium
Honda,Jazz,940500,1498,4,Diesel,165,100,200,Manual,27,1040,100.0,96.15384615384616,Medium
Honda,Jazz,928000,1199,4,Petrol,165,89,110,Auto,18,1040,89.0,85.57692307692308,Medium
Mahindra,Bolero Power Plus,886398,1493,4,Diesel,180,70,195,Manual,16,1620,70.0,43.20987654320987,Low
Mahindra,Bolero Power Plus,851302,1493,4,Diesel,180,70,195,Manual,16,1620,70.0,43.20987654320987,Low
Mahindra,Bolero Power Plus,785656,1493,4,Diesel,180,70,195,Manual,16,1620,70.0,43.20987654320987,Low
Mahindra,Bolero Power Plus,749192,1493,4,Diesel,180,70,195,Manual,16,1620,70.0,43.20987654320987,Low
Mahindra,Bolero Power Plus,819117,2523,4,Diesel,195,63,195,Manual,15,1620,63.0,38.88888888888889,Low
Maruti Suzuki,Vitara Brezza,762742,1248,4,Diesel,198,90,200,Manual,24,1170,90.0,76.92307692307693,Medium
Maruti Suzuki,Vitara Brezza,814742,1248,4,Diesel,198,90,200,Manual,24,1170,90.0,76.92307692307693,Medium
Maruti Suzuki,Vitara Brezza,892243,1248,4,Diesel,198,90,200,Manual,24,1170,90.0,76.92307692307693,Medium
Maruti Suzuki,Vitara Brezza,987743,1248,4,Diesel,198,90,200,Manual,24,1170,90.0,76.92307692307693,Medium
Maruti Suzuki,Vitara Brezza,1003552,1248,4,Diesel,198,90,200,Manual,24,1170,90.0,76.92307692307693,Medium
Maruti Suzuki,Vitara Brezza,1037742,1248,4,Diesel,198,90,200,Manual,24,1170,90.0,76.92307692307693,Medium
Maruti Suzuki,Vitara Brezza,864742,1248,4,Diesel,198,90,200,Auto,24,1170,90.0,76.92307692307693,Medium
Maruti Suzuki,Vitara Brezza,942243,1248,4,Diesel,198,90,200,Auto,24,1170,90.0,76.92307692307693,Medium
Maruti Suzuki,Vitara Brezza,1059742,1248,4,Diesel,198,90,200,Auto,24,1170,90.0,76.92307692307693,Medium
Hyundai,I20 Active,774035,1197,4,Petrol,190,83,114,Manual,17,1085,83.0,76.49769585253456,Medium
Hyundai,I20 Active,858536,1197,4,Petrol,190,83,114,Manual,17,1085,83.0,76.49769585253456,Medium
Hyundai,I20 Active,882298,1197,4,Petrol,190,83,114,Manual,17,1085,83.0,76.49769585253456,Medium
Hyundai,I20 Active,993393,1396,4,Diesel,190,90,220,Manual,21,1085,90.0,82.94930875576037,Medium
Ford,Ecosport,791000,1497,3,Petrol,200,123,150,Manual,17,1200,123.0,102.5,High
Ford,Ecosport,871000,1497,3,Petrol,200,123,150,Manual,17,1200,123.0,102.5,High
Ford,Ecosport,950000,1497,3,Petrol,200,123,150,Manual,17,1200,123.0,102.5,High
Ford,Ecosport,1130000,1497,3,Petrol,200,123,150,Auto,14,1200,123.0,102.5,High
Ford,Ecosport,841000,1498,4,Diesel,200,100,205,Manual,23,1200,100.0,83.33333333333333,Medium
Ford,Ecosport,921000,1498,4,Diesel,200,100,205,Manual,23,1200,100.0,83.33333333333333,Medium
Ford,Ecosport,999900,1498,4,Diesel,200,100,205,Manual,23,1200,100.0,83.33333333333333,Medium
Ford,Ecosport,1090000,1498,4,Diesel,200,100,205,Manual,23,1200,100.0,83.33333333333333,Medium
Ford,Ecosport,999900,1497,4,Petrol,200,123,150,Manual,23,1200,123.0,102.5,High
Ford,Ecosport,1145000,1498,3,Diesel,200,100,205,Manual,23,1200,100.0,83.33333333333333,Medium
Ford,Ecosport,999900,1497,4,Petrol,200,123,150,Manual,23,1200,123.0,102.5,High
Ford,Ecosport,1090000,1498,4,Diesel,200,100,205,Manual,23,1200,100.0,83.33333333333333,Medium
Renault,Duster,799990,1498,4,Petrol,205,106,142,Manual,13,1235,106.0,85.82995951417004,Medium
Renault,Duster,919990,1498,4,Petrol,205,106,142,Manual,13,1235,106.0,85.82995951417004,Medium
Renault,Duster,999990,1498,4,Petrol,205,106,142,Auto,13,1235,106.0,85.82995951417004,Medium
Renault,Duster,929990,1461,4,Diesel,205,85,200,Manual,19,1235,85.0,68.82591093117409,Low
Renault,Duster,999990,1461,4,Diesel,205,85,200,Manual,19,1235,85.0,68.82591093117409,Low
Renault,Duster,1119990,1461,4,Diesel,205,110,245,Auto,19,1235,110.0,89.06882591093117,Medium
Renault,Duster,1209990,1461,4,Diesel,205,110,245,Auto,19,1235,110.0,89.06882591093117,Medium
Renault,Duster,1249990,1461,4,Diesel,205,110,245,Auto,19,1235,110.0,89.06882591093117,Medium
Renault,Duster,1249990,1461,4,Diesel,205,110,245,Auto,19,1235,110.0,89.06882591093117,Medium
Hyundai,Verna,999900,1591,4,Petrol,165,123,151,Manual,17,1155,123.0,106.49350649350649,High
Hyundai,Verna,1172544,1582,4,Diesel,165,128,260,Manual,23,1155,128.0,110.82251082251082,High
Hyundai,Verna,1301881,1582,4,Diesel,165,128,260,Manual,23,1155,128.0,110.82251082251082,High
Hyundai,Verna,1172999,1591,4,Petrol,165,123,151,Manual,17,1155,123.0,106.49350649350649,High
Hyundai,Verna,1328545,1582,4,Diesel,165,128,260,Auto,17,1155,128.0,110.82251082251082,High
Hyundai,Verna,1287999,1591,4,Petrol,165,123,155,Auto,17,1155,123.0,106.49350649350649,High
Hyundai,Verna,933182,1396,4,Petrol,165,100,133,Manual,19,1155,100.0,86.58008658008657,Medium
Hyundai,Verna,817867,1396,4,Petrol,165,100,133,Manual,19,1155,100.0,86.58008658008657,Medium
Hyundai,Verna,1178894,1591,4,Petrol,165,123,151,Manual,17,1155,123.0,106.49350649350649,High
Hyundai,Verna,1162875,1591,4,Petrol,165,123,155,Auto,17,1155,123.0,106.49350649350649,High
Hyundai,Verna,1407871,1582,4,Diesel,165,128,260,Auto,17,1155,128.0,110.82251082251082,High
Mahindra,Xuv300,999000,1497,4,Diesel,180,115,300,Auto,20,1320,115.0,87.12121212121212,Medium
Renault,Lodgy,863299,1461,4,Diesel,174,85,200,Manual,21,1360,85.0,62.5,Low
Renault,Lodgy,964199,1461,4,Diesel,174,85,200,Manual,21,1360,85.0,62.5,Low
Renault,Lodgy,1211599,1461,4,Diesel,174,110,245,Manual,19,1360,110.0,80.88235294117648,Medium
Renault,Lodgy,1211599,1461,4,Diesel,174,110,245,Manual,19,1360,110.0,80.88235294117648,Medium
Renault,Lodgy,1053899,1461,4,Diesel,174,85,200,Manual,21,1360,85.0,62.5,Low
Renault,Lodgy,1130099,1461,4,Diesel,174,85,200,Manual,21,1360,85.0,62.5,Low
Renault,Lodgy,964199,1461,4,Diesel,174,85,200,Manual,21,1360,85.0,62.5,Low
Volkswagen,Vento,876500,1598,4,Petrol,163,105,153,Manual,16,1120,105.0,93.75,Medium
Volkswagen,Vento,999900,1598,4,Petrol,163,105,153,Manual,16,1120,105.0,93.75,Medium
Volkswagen,Vento,999900,1598,4,Petrol,163,105,153,Manual,16,1120,105.0,93.75,Medium
Volkswagen,Vento,1197500,1197,4,Petrol,163,105,175,Auto,18,1120,105.0,93.75,Medium
Volkswagen,Vento,1449500,1197,4,Petrol,163,105,175,Auto,18,1120,105.0,93.75,Medium
Volkswagen,Vento,958500,1498,4,Diesel,163,105,250,Manual,20,1120,105.0,93.75,Medium
Volkswagen,Vento,999900,1498,4,Diesel,163,105,250,Manual,20,1120,105.0,93.75,Medium
Volkswagen,Vento,1210500,1498,4,Diesel,163,105,250,Manual,20,1120,105.0,93.75,Medium
Volkswagen,Vento,1336500,1498,4,Diesel,163,105,250,Auto,21,1120,105.0,93.75,Medium
Volkswagen,Vento,1317500,1498,4,Diesel,163,105,250,Auto,20,1120,105.0,93.75,Medium
Volkswagen,Vento,1449500,1498,4,Diesel,165,110,250,Manual,19,1120,110.0,98.21428571428571,Medium
Volkswagen,Vento,1317500,1197,4,Petrol,165,105,175,Auto,17,1120,105.0,93.75,Medium
Honda,Brv,952900,1497,4,Petrol,210,119,145,Manual,15,1205,119.0,98.75518672199169,Medium
Honda,Brv,1052900,1497,4,Petrol,210,119,145,Manual,15,1205,119.0,98.75518672199169,Medium
Honda,Brv,1167900,1497,4,Petrol,210,119,145,Manual,15,1205,119.0,98.75518672199169,Medium
Honda,Brv,1271900,1497,4,Petrol,210,119,145,Manual,15,1205,119.0,98.75518672199169,Medium
Honda,Brv,1285900,1497,4,Petrol,210,119,145,Auto,16,1205,119.0,98.75518672199169,Medium
Honda,Brv,1187900,1498,4,Diesel,210,100,200,Manual,21,1205,100.0,82.98755186721992,Medium
Honda,Brv,1273900,1498,4,Diesel,210,100,200,Manual,21,1205,100.0,82.98755186721992,Medium
Honda,Brv,1382900,1498,4,Diesel,210,100,200,Manual,21,1205,100.0,82.98755186721992,Medium
Mahindra,Thar,959860,2498,4,Diesel,200,105,247,Manual,13,1700,105.0,61.76470588235294,Low
Mahindra,Thar,999148,2498,4,Diesel,200,105,247,Manual,13,1700,105.0,61.76470588235294,Low
Mahindra,Thar,974860,2498,4,Diesel,200,105,247,Manual,13,1700,105.0,61.76470588235294,Low
Force,Gurkha,999000,2596,4,Diesel,190,85,230,Manual,17,1900,85.0,44.73684210526316,Low
Force,Gurkha,1075000,2596,4,Diesel,205,85,230,Manual,17,1900,85.0,44.73684210526316,Low
Force,Gurkha,975000,2596,4,Diesel,190,85,230,Manual,17,1900,85.0,44.73684210526316,Low
Force,Gurkha,1225000,2596,4,Diesel,205,85,230,Manual,17,1900,85.0,44.73684210526316,Low
Fiat,Abarth Avventura,989219,1368,4,Petrol,205,143,210,Manual,17,1180,143.0,121.1864406779661,High
Mahindra,Scorpio,1236258,2179,4,Diesel,210,121,280,Manual,10,1820,121.0,66.48351648351648,Low
Mahindra,Scorpio,1123158,2179,4,Diesel,210,121,280,Manual,13,1820,121.0,66.48351648351648,Low
Skoda,Monte Carlo,1425599,1498,4,Diesel,163,110,250,Auto,21,1140,110.0,96.49122807017544,Medium
Skoda,Monte Carlo,1269599,1598,4,Petrol,163,105,153,Auto,14,1140,105.0,92.10526315789473,Medium
Skoda,Monte Carlo,1299599,1498,4,Diesel,163,110,250,Manual,21,1140,110.0,96.49122807017544,Medium
Skoda,Monte Carlo,1139599,1598,4,Petrol,163,105,153,Manual,15,1140,105.0,92.10526315789473,Medium
Mahindra,Xuv500,1610180,2179,4,Petrol,200,140,320,Auto,13,1785,140.0,78.43137254901961,Medium
Mahindra,Xuv500,1418313,2179,4,Diesel,200,155,330,Manual,15,1785,155.0,86.83473389355741,Medium
Mahindra,Xuv500,1539488,2179,4,Diesel,200,155,330,Auto,16,1785,155.0,86.83473389355741,Medium
Mahindra,Xuv500,1588943,2179,4,Diesel,200,155,330,Manual,16,1785,155.0,86.83473389355741,Medium
Mahindra,Xuv500,1710118,2179,4,Diesel,200,155,330,Auto,16,1785,155.0,86.83473389355741,Medium
Mahindra,Xuv500,1716319,2179,4,Diesel,200,155,330,Manual,16,1785,155.0,86.83473389355741,Medium
Mahindra,Xuv500,1837586,2179,4,Diesel,200,155,330,Auto,16,1785,155.0,86.83473389355741,Medium
Mahindra,Xuv500,1741319,2179,4,Diesel,200,155,330,Manual,16,1785,155.0,86.83473389355741,Medium
Mahindra,Xuv500,1862586,2179,4,Diesel,200,155,330,Auto,16,1785,155.0,86.83473389355741,Medium
Mahindra,Xuv500,1852488,2179,4,Diesel,200,155,330,Manual,16,1785,155.0,86.83473389355741,Medium
Mahindra,Xuv500,1973664,2179,4,Diesel,200,155,330,Auto,16,1785,155.0,86.83473389355741,Medium
Mahindra,Xuv500,1230924,2179,4,Diesel,200,155,360,Manual,16,1785,155.0,86.83473389355741,Medium
Tata,Hexa,1639374,2179,4,Diesel,200,156,400,Manual,17,1990,156.0,78.39195979899498,Medium
Tata,Hexa,1912593,2179,4,Diesel,200,156,400,Auto,17,1990,156.0,78.39195979899498,Medium
Tata,Hexa,1796458,2179,4,Diesel,200,156,400,Manual,17,1990,156.0,78.39195979899498,Medium
Tata,Hexa,1371864,2179,4,Diesel,200,150,320,Manual,17,1990,150.0,75.37688442211055,Medium
Tata,Hexa,1531377,2179,4,Diesel,200,156,400,Manual,17,1990,156.0,78.39195979899498,Medium
Tata,Hexa,1655587,2179,4,Diesel,200,156,400,Auto,17,1990,156.0,78.39195979899498,Medium
Toyota,Innova Crysta,1605000,2393,4,Diesel,167,150,343,Manual,15,1805,150.0,83.10249307479224,Medium
Toyota,Innova Crysta,1927000,2393,4,Diesel,167,150,343,Manual,15,1805,150.0,83.10249307479224,Medium
Toyota,Innova Crysta,1610000,2393,4,Diesel,167,150,343,Manual,15,1805,150.0,83.10249307479224,Medium
Toyota,Innova Crysta,1932000,2393,4,Diesel,167,150,343,Manual,15,1805,150.0,83.10249307479224,Medium
Toyota,Innova Crysta,2113000,2393,4,Diesel,167,150,343,Manual,15,1805,150.0,83.10249307479224,Medium
Toyota,Innova Crysta,1620000,2694,4,Petrol,167,166,245,Auto,10,1805,166.0,91.96675900277009,Medium
Toyota,Innova Crysta,1615000,2694,4,Petrol,167,166,245,Auto,10,1805,166.0,91.96675900277009,Medium
Toyota,Innova Crysta,2103000,2393,4,Petrol,167,164,245,Auto,10,1805,164.0,90.85872576177286,Medium
Toyota,Innova Crysta,1807000,2393,4,Petrol,167,150,343,Manual,11,1805,150.0,83.10249307479224,Medium
Toyota,Innova Crysta,1493000,2755,4,Petrol,167,174,360,Manual,11,1805,174.0,96.39889196675901,Medium
Toyota,Innova Crysta,1498000,2755,4,Petrol,167,174,360,Manual,11,1805,174.0,96.39889196675901,Medium
Toyota,Innova Crysta,2097000,2393,4,Diesel,167,150,343,Manual,15,1805,150.0,83.10249307479224,Medium
Toyota,Innova Crysta,1892000,2393,4,Petrol,167,166,245,Manual,11,1805,166.0,91.96675900277009,Medium
Toyota,Innova Crysta,2171000,2694,4,Petrol,167,166,245,Auto,10,1805,166.0,91.96675900277009,Medium
Toyota,Innova Crysta,1592000,2393,4,Diesel,167,150,343,Manual,15,1805,150.0,83.10249307479224,Medium
Toyota,Innova Crysta,1587000,2393,4,Diesel,167,150,343,Manual,15,1805,150.0,83.10249307479224,Medium
Toyota,Corolla Altis,1645000,1798,4,Petrol,175,140,173,Manual,16,1300,140.0,107.6923076923077,High
Toyota,Corolla Altis,1806000,1798,4,Petrol,175,140,173,Auto,16,1300,140.0,107.6923076923077,High
Toyota,Corolla Altis,1882000,1798,4,Petrol,175,140,173,Manual,16,1300,140.0,107.6923076923077,High
Toyota,Corolla Altis,1936000,1364,4,Diesel,175,88,205,Manual,21,1300,88.0,67.6923076923077,Low
Toyota,Corolla Altis,1771000,1364,4,Diesel,175,88,205,Manual,21,1300,88.0,67.6923076923077,Low
Toyota,Corolla Altis,2019000,1798,4,Petrol,175,140,173,Auto,16,1300,140.0,107.6923076923077,High
Skoda,Superb,2599599,1798,4,Petrol,164,180,320,Manual,14,1500,180.0,120.0,High
Skoda,Superb,2779599,1798,4,Petrol,164,180,250,Auto,14,1500,180.0,120.0,High
Skoda,Superb,3099599,1798,4,Petrol,164,180,250,Auto,13,1500,180.0,120.0,High
Skoda,Superb,3349599,1968,4,Diesel,149,177,350,Auto,18,1500,177.0,118.0,High
Skoda,Superb,3029599,1968,4,Diesel,149,177,350,Auto,18,1500,177.0,118.0,High
Skoda,Superb,2599599,1798,4,Petrol,164,180,250,Auto,14,1500,180.0,120.0,High
Skoda,Superb,2849599,1968,4,Diesel,149,177,350,Auto,18,1500,177.0,118.0,High
Mitsubishi,Outlander,2693000,2360,4,Petrol,190,167,222,Auto,9,1650,167.0,101.21212121212122,High
Volvo,V40,2769000,1984,5,Diesel,133,150,350,Auto,16,1500,150.0,100.0,High
Volvo,V40,3191000,1984,5,Diesel,133,150,350,Auto,16,1500,150.0,100.0,High
Toyota,Fortuner,3205000,2755,4,Diesel,220,177,450,Auto,12,2180,177.0,81.19266055045873,Medium
Toyota,Fortuner,3019000,2755,4,Diesel,220,177,420,Manual,14,2180,177.0,81.19266055045873,Medium
Toyota,Fortuner,3420000,2755,4,Diesel,220,177,450,Auto,12,2180,177.0,81.19266055045873,Medium
Mitsubishi,Pajero Sport,2903750,2477,4,Diesel,215,178,400,Manual,10,2150,178.0,82.7906976744186,Medium
Mitsubishi,Pajero Sport,2835500,2477,4,Diesel,215,178,350,Auto,10,2150,178.0,82.7906976744186,Medium
Mitsubishi,Pajero Sport,2953240,2477,4,Diesel,215,178,400,Manual,10,2150,178.0,82.7906976744186,Medium
Mitsubishi,Pajero Sport,2992800,2477,4,Diesel,215,178,400,Manual,10,2150,178.0,82.7906976744186,Medium
Mitsubishi,Pajero Sport,2952500,2477,4,Diesel,215,178,350,Auto,10,2150,178.0,82.7906976744186,Medium
Ford,Endeavour,3470000,3198,5,Diesel,225,200,470,Auto,10,2410,200.0,82.98755186721992,Medium
Ford,Endeavour,3233000,2198,4,Diesel,225,160,385,Auto,12,2410,160.0,66.39004149377594,Low
Ford,Endeavour,2920000,2198,4,Diesel,225,160,385,Manual,12,2410,160.0,66.39004149377594,Low
Volvo,V40 Cross Country,3283000,1984,5,Diesel,132,150,350,Auto,16,1540,150.0,97.40259740259741,Medium
Volvo,V40 Cross Country,2962000,1596,4,Petrol,132,180,240,Auto,16,1540,180.0,116.88311688311688,High
Skoda,Kodiaq Scout,3399000,1968,4,Diesel,188,148,340,Auto,16,1795,148.0,82.45125348189416,Medium
Bmw,X1,3520000,1995,4,Diesel,165,190,400,Auto,20,1465,190.0,129.6928327645051,High
Bmw,X1,3930000,1995,4,Diesel,165,190,400,Auto,20,1465,190.0,129.6928327645051,High
Bmw,X1,4570000,1995,4,Diesel,165,190,400,Auto,20,1465,190.0,129.6928327645051,High
Bmw,X1,4240000,1995,4,Diesel,179,187,400,Auto,17,1465,187.0,127.64505119453925,High
Bmw,X1,3830000,1998,4,Petrol,165,192,280,Auto,16,1465,192.0,131.0580204778157,High
Volvo,S60,3850500,1984,5,Diesel,136,181,400,Auto,21,1620,181.0,111.72839506172839,High
Bmw,3-Series,4140000,1995,4,Diesel,157,190,400,Auto,19,1480,190.0,128.37837837837836,High
Bmw,3-Series,4690000,1995,4,Diesel,157,190,400,Auto,19,1480,190.0,128.37837837837836,High
Bmw,3-Series,4790000,1998,4,Petrol,157,258,400,Auto,16,1480,258.0,174.32432432432432,High
Honda,Accord Hybrid,4321237,1993,4,Petrol,155,145,175,Auto,23,1625,145.0,89.23076923076923,Medium
Volvo,S60 Cross Country,4426500,2400,5,Diesel,201,190,420,Auto,19,1660,190.0,114.4578313253012,High
Toyota,Prius,4509000,1798,4,Petrol,165,98,142,Auto,23,1400,98.0,70.0,Medium
Maruti Suzuki,Alto,294800,796,3,Petrol,160,48,69,Manual,22,730,48.0,65.75342465753424,Low
Maruti Suzuki,Alto,299900,796,3,Petrol,160,48,69,Manual,22,730,48.0,65.75342465753424,Low
Maruti Suzuki,Alto,352900,796,3,Petrol,160,47,69,Manual,22,730,47.0,64.38356164383562,Low
Maruti Suzuki,Alto,357200,796,3,Petrol,160,48,69,Manual,22,730,48.0,65.75342465753424,Low
Maruti Suzuki,Alto,376100,796,3,Petrol,160,48,69,Manual,22,730,48.0,65.75342465753424,Low
Maruti Suzuki,Alto,405570,796,3,Petrol,160,47,69,Manual,22,730,47.0,64.38356164383562,Low
Maruti Suzuki,Alto,409190,796,3,Petrol,160,48,69,Manual,22,730,48.0,65.75342465753424,Low
Maruti Suzuki,Alto,389600,796,3,Petrol,160,48,69,Manual,22,730,48.0,65.75342465753424,Low
Maruti Suzuki,Celerio,426289,998,3,Petrol,165,68,90,Manual,23,830,68.0,81.9277108433735,Medium
Maruti Suzuki,Celerio,465138,998,3,Petrol,165,68,90,Manual,23,830,68.0,81.9277108433735,Medium
Maruti Suzuki,Celerio,508138,998,3,Petrol,165,68,90,Auto,23,830,68.0,81.9277108433735,Medium
Maruti Suzuki,Celerio,490924,998,3,Petrol,165,68,90,Manual,23,830,68.0,81.9277108433735,Medium
Maruti Suzuki,Celerio,531279,998,3,Petrol,165,68,90,Manual,23,830,68.0,81.9277108433735,Medium
Maruti Suzuki,Celerio,533924,998,3,Petrol,165,68,90,Auto,23,830,68.0,81.9277108433735,Medium
Maruti Suzuki,Celerio,434659,998,3,Petrol,165,68,90,Manual,23,830,68.0,81.9277108433735,Medium
Maruti Suzuki,Celerio,472257,998,3,Petrol,165,68,90,Manual,23,830,68.0,81.9277108433735,Medium
Maruti Suzuki,Celerio,515257,998,3,Petrol,165,68,90,Auto,23,830,68.0,81.9277108433735,Medium
Maruti Suzuki,Celerio,543279,998,3,Petrol,165,68,90,Auto,23,830,68.0,81.9277108433735,Medium
Hyundai,Grand I10 Prime,460369,1197,4,Petrol,165,83,114,Manual,19,950,83.0,87.36842105263158,Medium
Hyundai,Grand I10 Prime,477511,1197,4,Petrol,165,83,114,Manual,19,950,83.0,87.36842105263158,Medium
Mahindra,Kuv100 Nxt,488194,1198,3,Petrol,170,82,115,Manual,18,1085,82.0,75.57603686635944,Medium
Mahindra,Kuv100 Nxt,532184,1198,3,Petrol,170,82,115,Manual,18,1085,82.0,75.57603686635944,Medium
Mahindra,Kuv100 Nxt,590798,1198,3,Diesel,170,77,190,Manual,25,1085,77.0,70.96774193548387,Medium
Mahindra,Kuv100 Nxt,619243,1198,3,Diesel,170,77,190,Manual,25,1085,77.0,70.96774193548387,Medium
Mahindra,Kuv100 Nxt,667273,1198,3,Diesel,170,77,190,Manual,25,1085,77.0,70.96774193548387,Medium
Mahindra,Kuv100 Nxt,579645,1198,3,Petrol,170,82,115,Manual,18,1085,82.0,75.57603686635944,Medium
Mahindra,Kuv100 Nxt,631144,1198,3,Petrol,170,82,115,Manual,18,1085,82.0,75.57603686635944,Medium
Mahindra,Kuv100 Nxt,754548,1198,3,Diesel,170,77,190,Manual,25,1085,77.0,70.96774193548387,Medium
Mahindra,Kuv100 Nxt,693550,1198,3,Petrol,170,82,115,Manual,18,1085,82.0,75.57603686635944,Medium
Mahindra,Kuv100 Nxt,787304,1198,3,Diesel,170,77,190,Manual,25,1085,77.0,70.96774193548387,Medium
Mahindra,Kuv100 Nxt,701045,1198,3,Petrol,170,82,115,Manual,18,1085,82.0,75.57603686635944,Medium
Mahindra,Kuv100 Nxt,794800,1198,3,Diesel,170,77,190,Manual,25,1085,77.0,70.96774193548387,Medium
Mahindra,Kuv100 Nxt,573250,1198,3,Petrol,170,82,115,Manual,18,1085,82.0,75.57603686635944,Medium
Mahindra,Kuv100 Nxt,631146,1198,3,Petrol,170,82,115,Manual,18,1085,82.0,75.57603686635944,Medium
Mahindra,Kuv100 Nxt,687175,1198,3,Petrol,170,82,115,Manual,18,1085,82.0,75.57603686635944,Medium
Mahindra,Kuv100 Nxt,687175,1198,3,Petrol,170,82,115,Manual,18,1085,82.0,75.57603686635944,Medium
Mahindra,Kuv100 Nxt,687175,1198,3,Petrol,170,82,115,Manual,18,1085,82.0,75.57603686635944,Medium
Mahindra,Kuv100 Nxt,687175,1198,3,Petrol,170,82,115,Manual,18,1085,82.0,75.57603686635944,Medium
Mahindra,Kuv100 Nxt,687175,1198,3,Petrol,170,82,115,Manual,18,1085,82.0,75.57603686635944,Medium
Mahindra,Kuv100 Nxt,687175,1198,3,Petrol,170,82,115,Manual,18,1085,82.0,75.57603686635944,Medium
Mahindra,Kuv100 Nxt,687175,1198,3,Petrol,170,82,115,Manual,18,1085,82.0,75.57603686635944,Medium
Mahindra,Kuv100 Nxt,687175,1198,3,Petrol,170,82,115,Manual,18,1085,82.0,75.57603686635944,Medium
Maruti Suzuki,Swift,519000,1197,4,Petrol,163,83,113,Manual,20,960,83.0,86.45833333333333,Medium
Maruti Suzuki,Swift,619000,1197,4,Petrol,163,83,113,Manual,20,960,83.0,86.45833333333333,Medium
Maruti Suzuki,Swift,666000,1197,4,Petrol,163,83,113,Auto,20,960,83.0,86.45833333333333,Medium
Maruti Suzuki,Swift,678000,1197,4,Petrol,163,83,113,Manual,20,960,83.0,86.45833333333333,Medium
Maruti Suzuki,Swift,725000,1197,4,Petrol,163,83,113,Auto,20,960,83.0,86.45833333333333,Medium
Maruti Suzuki,Swift,758000,1197,4,Petrol,163,83,113,Manual,20,960,83.0,86.45833333333333,Medium
Maruti Suzuki,Swift,599000,1248,4,Diesel,163,75,190,Manual,25,960,75.0,78.125,Medium
Maruti Suzuki,Swift,698000,1248,4,Diesel,165,75,190,Manual,25,960,75.0,78.125,Medium
Maruti Suzuki,Swift,745000,1248,4,Diesel,165,75,190,Auto,25,960,75.0,78.125,Medium
Maruti Suzuki,Swift,757000,1248,4,Diesel,163,75,190,Manual,25,960,75.0,78.125,Medium
Maruti Suzuki,Swift,804000,1248,4,Diesel,163,75,190,Auto,25,960,75.0,78.125,Medium
Maruti Suzuki,Swift,838000,1248,4,Diesel,163,75,190,Manual,25,960,75.0,78.125,Medium
Maruti Suzuki,Swift,802000,1197,4,Petrol,163,83,113,Auto,20,960,83.0,86.45833333333333,Medium
Maruti Suzuki,Swift,884000,1248,4,Diesel,163,75,190,Auto,25,960,75.0,78.125,Medium
Tata,Altroz,529000,1199,3,Petrol,165,86,113,Manual,18,1030,86.0,83.49514563106796,Medium
Tata,Altroz,699000,1497,4,Diesel,165,90,200,Manual,25,1030,90.0,87.37864077669903,Medium
Icml,Extreme,642478,1994,4,Diesel,170,101,240,Manual,11,1150,101.0,87.82608695652173,Medium
Icml,Extreme,589678,1994,4,Diesel,170,122,270,Manual,11,1150,122.0,106.08695652173914,High
Icml,Extreme,689761,1994,4,Diesel,170,122,270,Manual,11,1150,122.0,106.08695652173914,High
Icml,Extreme,788177,1994,4,Diesel,170,122,270,Manual,11,1150,122.0,106.08695652173914,High
Icml,Extreme,2650777,1994,4,Diesel,170,101,240,Manual,11,1150,101.0,87.82608695652173,Medium
Icml,Extreme,628072,1994,4,Diesel,170,122,270,Manual,11,1150,122.0,106.08695652173914,High
Icml,Extreme,900967,1994,4,Diesel,170,122,270,Manual,11,1150,122.0,106.08695652173914,High
Icml,Extreme,1465148,1994,4,Diesel,170,101,240,Manual,11,1150,101.0,87.82608695652173,Medium
Icml,Extreme,552890,1994,4,Diesel,170,122,270,Manual,11,1150,122.0,106.08695652173914,High
Icml,Extreme,927689,1994,4,Diesel,170,122,270,Manual,11,1150,122.0,106.08695652173914,High
Icml,Extreme,835275,1994,4,Diesel,170,122,270,Manual,11,1150,122.0,106.08695652173914,High
Tata,Tigor,575000,1199,3,Petrol,165,86,113,Manual,23,1035,86.0,83.09178743961353,Medium
Tata,Tigor,610000,1199,3,Petrol,165,86,113,Manual,23,1035,86.0,83.09178743961353,Medium
Tata,Tigor,650000,1199,3,Petrol,170,86,113,Manual,23,1035,86.0,83.09178743961353,Medium
Tata,Tigor,699000,1199,3,Petrol,170,86,113,Manual,23,1035,86.0,83.09178743961353,Medium
Tata,Tigor,660000,1199,3,Petrol,165,86,113,Auto,23,1035,86.0,83.09178743961353,Medium
Tata,Tigor,749000,1199,3,Petrol,170,86,113,Auto,23,1035,86.0,83.09178743961353,Medium
Tata,Zest,582287,1193,4,Petrol,175,90,140,Manual,17,1110,90.0,81.08108108108108,Medium
Tata,Zest,702946,1248,4,Diesel,165,75,190,Manual,23,1110,75.0,67.56756756756756,Low
Tata,Zest,653926,1193,4,Petrol,175,90,140,Manual,17,1110,90.0,81.08108108108108,Medium
Tata,Zest,672641,1193,4,Petrol,175,90,140,Manual,17,1110,90.0,81.08108108108108,Medium
Tata,Zest,732475,1193,4,Petrol,175,90,140,Manual,17,1110,90.0,81.08108108108108,Medium
Tata,Zest,767317,1248,4,Diesel,165,75,190,Manual,23,1110,75.0,67.56756756756756,Low
Tata,Zest,793898,1248,4,Diesel,165,75,190,Manual,20,1110,75.0,67.56756756756756,Low
Tata,Zest,855362,1248,4,Diesel,165,90,200,Manual,23,1110,90.0,81.08108108108108,Medium
Tata,Zest,836320,1248,4,Diesel,165,75,190,Auto,23,1110,75.0,67.56756756756756,Low
Tata,Zest,989000,1248,4,Diesel,165,90,200,Auto,23,1110,90.0,81.08108108108108,Medium
Tata,Zest,788797,1248,4,Diesel,165,75,190,Manual,20,1110,75.0,67.56756756756756,Low
Honda,Amaze,763000,1199,4,Petrol,170,90,110,Auto,19,940,90.0,95.74468085106383,Medium
Honda,Amaze,705000,1498,4,Diesel,170,100,200,Manual,27,940,100.0,106.38297872340425,High
Honda,Amaze,593000,1199,4,Petrol,170,90,110,Manual,19,940,90.0,95.74468085106383,Medium
Honda,Amaze,865000,1498,4,Diesel,170,80,160,Auto,23,940,80.0,85.1063829787234,Medium
Honda,Amaze,823000,1199,4,Petrol,170,90,110,Auto,19,940,90.0,95.74468085106383,Medium
Honda,Amaze,925000,1498,4,Diesel,170,80,160,Auto,23,940,80.0,85.1063829787234,Medium
Honda,Amaze,785000,1498,4,Diesel,170,100,200,Manual,27,940,100.0,106.38297872340425,High
Honda,Amaze,893000,1498,4,Diesel,170,100,200,Manual,27,940,100.0,106.38297872340425,High
Honda,Amaze,845000,1498,4,Diesel,170,100,200,Manual,27,940,100.0,106.38297872340425,High
Honda,Amaze,781000,1199,4,Petrol,170,90,110,Manual,19,940,90.0,95.74468085106383,Medium
Honda,Amaze,733000,1199,4,Petrol,170,90,110,Manual,19,940,90.0,95.74468085106383,Medium
Honda,Amaze,673000,1198,4,Petrol,170,90,110,Manual,19,940,90.0,95.74468085106383,Medium
Honda,Amaze,906000,1498,4,Diesel,170,100,200,Manual,27,940,100.0,106.38297872340425,High
Honda,Amaze,794000,1199,4,Petrol,170,90,110,Manual,19,940,90.0,95.74468085106383,Medium
Honda,Amaze,794000,1199,4,Petrol,170,90,110,Manual,19,940,90.0,95.74468085106383,Medium
Honda,Amaze,794000,1199,4,Petrol,170,90,110,Manual,19,940,90.0,95.74468085106383,Medium
Honda,Amaze,794000,1199,4,Petrol,170,90,110,Manual,19,940,90.0,95.74468085106383,Medium
Honda,Amaze,794000,1199,4,Petrol,170,90,110,Manual,19,940,90.0,95.74468085106383,Medium
Honda,Amaze,794000,1199,4,Petrol,170,90,110,Manual,19,940,90.0,95.74468085106383,Medium
Honda,Amaze,794000,1199,4,Petrol,170,90,110,Manual,19,940,90.0,95.74468085106383,Medium
Maruti Suzuki,Gypsy,637343,1298,4,Petrol,210,80,103,Manual,11,985,80.0,81.21827411167511,Medium
Maruti Suzuki,Gypsy,622730,1298,4,Petrol,210,80,103,Manual,11,985,80.0,81.21827411167511,Medium
Hyundai,Venue,655000,1197,4,Petrol,200,82,112,Manual,17,1100,82.0,74.54545454545455,Medium
Hyundai,Venue,826000,998,4,Petrol,200,117,172,Manual,18,1100,117.0,106.36363636363637,High
Hyundai,Venue,780000,1397,4,Diesel,200,89,220,Manual,23,1100,89.0,80.9090909090909,Medium
Hyundai,Venue,959000,998,4,Petrol,200,117,172,Manual,18,1100,117.0,106.36363636363637,High
Hyundai,Venue,974000,998,4,Petrol,200,117,172,Manual,18,1100,117.0,106.36363636363637,High
Hyundai,Venue,1065000,998,4,Petrol,200,117,1712,Manual,18,1100,117.0,106.36363636363637,High
Hyundai,Venue,940000,998,4,Petrol,200,118,172,Auto,18,1100,118.0,107.27272727272727,High
Hyundai,Venue,1115500,998,4,Petrol,200,118,172,Auto,18,1100,118.0,107.27272727272727,High
Hyundai,Venue,725000,1197,4,Petrol,200,82,115,Manual,17,1100,82.0,74.54545454545455,Medium
Hyundai,Venue,850000,1397,4,Diesel,200,89,220,Manual,23,1100,89.0,80.9090909090909,Medium
Hyundai,Venue,983000,1397,4,Diesel,200,89,220,Manual,23,1100,89.0,80.9090909090909,Medium
Hyundai,Venue,998000,1397,4,Diesel,200,89,220,Manual,23,1100,89.0,80.9090909090909,Medium
Hyundai,Venue,1089000,1397,4,Diesel,200,90,22,Manual,23,1100,90.0,81.81818181818181,Medium
Tata,Nexon,695000,1198,3,Petrol,209,110,170,Manual,17,1188,110.0,92.59259259259258,Medium
Tata,Nexon,770000,1198,3,Petrol,209,110,170,Manual,17,1188,110.0,92.59259259259258,Medium
Tata,Nexon,870000,1198,3,Petrol,209,110,170,Manual,17,1188,110.0,92.59259259259258,Medium
Tata,Nexon,950000,1198,3,Petrol,209,110,170,Manual,17,1188,110.0,92.59259259259258,Medium
Tata,Nexon,970000,1198,3,Petrol,209,110,170,Manual,17,1188,110.0,92.59259259259258,Medium
Tata,Nexon,1040000,1198,3,Petrol,209,110,170,Manual,17,1188,110.0,92.59259259259258,Medium
Tata,Nexon,1060000,1198,3,Petrol,209,110,170,Auto,17,1188,110.0,92.59259259259258,Medium
Tata,Nexon,830000,1198,3,Petrol,209,110,170,Auto,17,1188,110.0,92.59259259259258,Medium
Tata,Nexon,1010000,1198,3,Petrol,209,110,170,Auto,17,1188,110.0,92.59259259259258,Medium
Tata,Nexon,1030000,1198,3,Petrol,209,110,170,Auto,17,1188,110.0,92.59259259259258,Medium
Tata,Nexon,1100000,1198,3,Petrol,209,110,170,Auto,17,1188,110.0,92.59259259259258,Medium
Tata,Nexon,1120000,1198,3,Petrol,209,110,170,Auto,17,1188,110.0,92.59259259259258,Medium
Tata,Nexon,845000,1497,4,Diesel,209,110,260,Manual,23,1188,110.0,92.59259259259258,Medium
Tata,Nexon,920000,1497,4,Diesel,209,110,260,Manual,23,1188,110.0,92.59259259259258,Medium
Tata,Nexon,1020000,1497,4,Diesel,209,110,260,Manual,23,1188,110.0,92.59259259259258,Medium
Tata,Nexon,1100000,1497,4,Diesel,209,110,260,Manual,23,1188,110.0,92.59259259259258,Medium
Tata,Nexon,1120000,1497,4,Diesel,209,110,260,Manual,23,1188,110.0,92.59259259259258,Medium
Tata,Nexon,1190000,1497,4,Diesel,209,110,260,Manual,23,1188,110.0,92.59259259259258,Medium
Tata,Nexon,1210000,1497,4,Diesel,209,110,260,Manual,23,1188,110.0,92.59259259259258,Medium
Tata,Nexon,980000,1497,4,Diesel,209,110,260,Auto,23,1188,110.0,92.59259259259258,Medium
Tata,Nexon,1160000,1497,4,Diesel,209,110,260,Auto,23,1188,110.0,92.59259259259258,Medium
Tata,Nexon,1180000,1497,4,Diesel,209,110,260,Auto,23,1188,110.0,92.59259259259258,Medium
Tata,Nexon,1250000,1497,4,Diesel,209,110,260,Auto,23,1188,110.0,92.59259259259258,Medium
Tata,Nexon,1270000,1497,4,Diesel,209,110,260,Auto,23,1188,110.0,92.59259259259258,Medium
Fiat,Linea,715860,1368,4,Petrol,185,114,207,Manual,15,1210,114.0,94.21487603305785,Medium
Fiat,Linea,862175,1248,4,Diesel,185,93,209,Manual,20,1210,93.0,76.85950413223141,Medium
Fiat,Linea,932025,1248,4,Diesel,185,93,209,Manual,20,1210,93.0,76.85950413223141,Medium
Fiat,Linea,991434,1248,4,Diesel,185,93,209,Manual,20,1210,93.0,76.85950413223141,Medium
Fiat,Linea,997763,1368,4,Petrol,185,114,207,Manual,15,1210,114.0,94.21487603305785,Medium
Maruti Suzuki,Ertiga,759000,1462,4,Petrol,185,103,138,Manual,19,1150,103.0,89.56521739130436,Medium
Maruti Suzuki,Baleno Rs,788913,998,3,Petrol,170,102,150,Manual,21,950,102.0,107.36842105263159,High
Honda,Wr-V,925000,1199,4,Petrol,188,90,110,Manual,17,1104,90.0,81.52173913043478,Medium
Honda,Wr-V,925000,1498,4,Diesel,188,100,200,Manual,25,1104,100.0,90.57971014492753,Medium
Honda,Wr-V,815000,1199,4,Petrol,188,90,110,Manual,17,1104,90.0,81.52173913043478,Medium
Honda,Wr-V,916050,1498,4,Diesel,188,100,200,Manual,25,1104,100.0,90.57971014492753,Medium
Honda,Wr-V,808050,1199,4,Petrol,188,90,110,Manual,17,1104,90.0,81.52173913043478,Medium
Honda,Wr-V,935050,1199,4,Petrol,188,90,110,Manual,17,1104,90.0,81.52173913043478,Medium
Mahindra,Tuv300,854328,1493,3,Diesel,184,84,240,Manual,18,1620,84.0,51.85185185185185,Low
Mahindra,Tuv300,914328,1493,3,Diesel,184,84,240,Manual,18,1620,84.0,51.85185185185185,Low
Mahindra,Tuv300,976592,1493,3,Diesel,184,84,240,Manual,18,1620,84.0,51.85185185185185,Low
Mahindra,Tuv300,999614,1493,3,Diesel,184,100,240,Manual,18,1620,100.0,61.72839506172839,Low
Mahindra,Tuv300,1031943,1493,3,Diesel,184,100,240,Manual,18,1620,100.0,61.72839506172839,Low
Mahindra,Tuv300,1022930,1493,3,Diesel,184,100,240,Manual,18,1620,100.0,61.72839506172839,Low
Mahindra,Tuv300,1055259,1493,3,Diesel,184,100,240,Manual,18,1620,100.0,61.72839506172839,Low
Maruti Suzuki,S-Cross,880689,1248,4,Diesel,180,90,200,Manual,23,1250,90.0,72.0,Medium
Maruti Suzuki,S-Cross,992689,1248,4,Diesel,180,90,200,Manual,23,1250,90.0,72.0,Medium
Maruti Suzuki,S-Cross,1043689,1248,4,Diesel,180,90,200,Manual,23,1250,90.0,72.0,Medium
Maruti Suzuki,S-Cross,1143689,1248,4,Diesel,180,90,200,Manual,23,1250,90.0,72.0,Medium
Renault,Captur,949999,1498,4,Petrol,201,106,142,Manual,13,1300,106.0,81.53846153846153,Medium
Renault,Captur,1049999,1461,4,Diesel,201,110,240,Manual,20,1300,110.0,84.61538461538461,Medium
Renault,Captur,1299999,1461,4,Diesel,201,110,240,Manual,20,1300,110.0,84.61538461538461,Medium
Renault,Captur,1199999,1498,4,Petrol,201,106,142,Manual,13,1300,106.0,81.53846153846153,Medium
Mahindra,Xylo,963037,2489,4,Diesel,186,95,218,Manual,13,1830,95.0,51.91256830601093,Low
Mahindra,Xylo,1004487,2489,4,Diesel,186,95,218,Manual,13,1830,95.0,51.91256830601093,Low
Mahindra,Xylo,1031951,2179,4,Diesel,180,120,280,Manual,14,1830,120.0,65.57377049180329,Low
Mahindra,Xylo,1066139,2179,4,Diesel,180,120,280,Manual,14,1830,120.0,65.57377049180329,Low
Mahindra,Xylo,1228335,2179,4,Diesel,180,121,280,Manual,14,1830,121.0,66.12021857923497,Low
Kia,Seltos,989000,1497,4,Petrol,190,115,144,Manual,16,1290,115.0,89.14728682170544,Medium
Kia,Seltos,1379000,1353,4,Petrol,190,140,242,Manual,16,1290,140.0,108.52713178294573,High
Kia,Seltos,1529000,1353,4,Petrol,190,140,242,Manual,16,1290,140.0,108.52713178294573,High
Kia,Seltos,1629000,1353,4,Petrol,190,140,242,Auto,16,1290,140.0,108.52713178294573,High
Kia,Seltos,1629000,1353,4,Petrol,190,140,242,Manual,16,1290,140.0,108.52713178294573,High
Nissan,Terrano,999900,1461,4,Diesel,205,85,200,Manual,20,1240,85.0,68.54838709677419,Low
Nissan,Terrano,1464900,1461,4,Diesel,205,110,248,Auto,19,1240,110.0,88.70967741935485,Medium
Nissan,Terrano,999900,1598,4,Petrol,205,104,145,Manual,13,1240,104.0,83.87096774193549,Medium
Nissan,Terrano,1235700,1461,4,Diesel,205,85,200,Manual,20,1240,85.0,68.54838709677419,Low
Nissan,Terrano,1419900,1461,4,Diesel,205,110,248,Manual,19,1240,110.0,88.70967741935485,Medium
Nissan,Terrano,1235700,1461,4,Diesel,205,85,200,Manual,20,1240,85.0,68.54838709677419,Low
Tata,Safari Storme,1109005,2179,4,Diesel,200,150,320,Manual,14,2000,150.0,75.0,Medium
Tata,Safari Storme,1335158,2179,4,Diesel,200,150,320,Manual,14,2000,150.0,75.0,Medium
Tata,Safari Storme,1479574,2179,4,Diesel,200,156,400,Manual,14,2000,156.0,78.0,Medium
Tata,Safari Storme,1643829,2179,4,Diesel,200,156,400,Manual,14,2000,156.0,78.0,Medium
Mg,Hector,1348000,2000,4,Diesel,192,168,350,Manual,17,1700,168.0,98.8235294117647,Medium
Mg,Hector,1448000,2000,4,Diesel,192,168,350,Manual,17,1700,168.0,98.8235294117647,Medium
Mg,Hector,1588000,2000,4,Diesel,192,168,350,Manual,17,1700,168.0,98.8235294117647,Medium
Mg,Hector,1728000,2000,4,Diesel,192,168,350,Manual,17,1700,168.0,98.8235294117647,Medium
Isuzu,Mu-X,2734834,2999,4,Diesel,220,177,380,Auto,13,1900,177.0,93.15789473684211,Medium
Isuzu,Mu-X,2931534,2999,4,Diesel,220,177,380,Auto,13,1900,177.0,93.15789473684211,Medium
Volkswagen,Tiguan,2814500,1968,4,Diesel,149,141,340,Auto,17,1700,141.0,82.94117647058825,Medium
Volkswagen,Tiguan,3153500,1968,4,Diesel,149,141,340,Auto,17,1700,141.0,82.94117647058825,Medium
Skoda,Superb Sportline,2899599,1798,4,Petrol,164,180,250,Auto,13,1550,180.0,116.12903225806453,High
Skoda,Superb Sportline,3149599,1968,4,Diesel,149,177,350,Auto,18,1550,177.0,114.19354838709678,High
Skoda,Kodiaq,3299599,1968,4,Diesel,149,177,350,Auto,18,1800,177.0,98.33333333333333,Medium
Skoda,Kodiaq,3678599,1968,4,Diesel,149,148,340,Auto,18,1800,148.0,82.22222222222223,Medium
Skoda,Kodiaq,3299599,1968,4,Diesel,149,177,350,Auto,18,1800,177.0,98.33333333333333,Medium
Audi,Q3,3677200,1968,4,Diesel,170,148,340,Manual,15,1650,148.0,89.69696969696969,Medium
Audi,Q3,3992200,1968,4,Diesel,170,177,380,Auto,15,1650,177.0,107.27272727272727,High
Audi,Q3,4361000,1968,4,Diesel,170,177,380,Auto,15,1650,177.0,107.27272727272727,High
Audi,Q3,3496750,1395,4,Petrol,170,150,250,Auto,16,1650,150.0,90.9090909090909,Medium
Mini,Clubman,4120000,1998,4,Petrol,146,192,280,Manual,13,1500,192.0,128.0,High
Maruti Suzuki,Omni,282778,796,3,Petrol,165,34,59,Manual,16,785,34.0,43.31210191082802,Low
Maruti Suzuki,Omni,284485,796,3,Petrol,165,34,59,Manual,16,785,34.0,43.31210191082802,Low
Fiat,Punto Evo Pure,482330,1172,4,Petrol,195,68,96,Manual,15,1050,68.0,64.76190476190476,Low
Fiat,Punto Evo Pure,575947,1248,4,Diesel,185,75,197,Manual,20,1050,75.0,71.42857142857143,Medium
Maruti Suzuki,Baleno,746621,1248,4,Diesel,170,75,190,Manual,27,950,75.0,78.94736842105263,Medium
Maruti Suzuki,Baleno,868221,1248,4,Diesel,170,75,190,Manual,27,950,75.0,78.94736842105263,Medium
Maruti Suzuki,Baleno,668611,1248,4,Diesel,170,75,190,Manual,27,950,75.0,78.94736842105263,Medium
Maruti Suzuki,Baleno,807921,1248,4,Diesel,170,75,190,Manual,27,950,75.0,78.94736842105263,Medium
Maruti Suzuki,Baleno,758212,1197,4,Petrol,170,83,115,Manual,21,950,83.0,87.36842105263158,Medium
Maruti Suzuki,Baleno,890212,1197,4,Petrol,170,83,115,Auto,21,950,83.0,87.36842105263158,Medium
Maruti Suzuki,Baleno,636612,1197,4,Petrol,170,83,115,Manual,21,950,83.0,87.36842105263158,Medium
Maruti Suzuki,Baleno,768612,1197,4,Petrol,170,83,115,Auto,21,950,83.0,87.36842105263158,Medium
Maruti Suzuki,Baleno,558602,1197,4,Petrol,170,83,115,Manual,21,950,83.0,87.36842105263158,Medium
Maruti Suzuki,Baleno,697912,1197,4,Petrol,170,83,115,Manual,21,950,83.0,87.36842105263158,Medium
Maruti Suzuki,Baleno,733412,1197,4,Petrol,170,83,115,Manual,21,950,83.0,87.36842105263158,Medium
Maruti Suzuki,Baleno,789912,1197,4,Petrol,170,83,115,Manual,21,950,83.0,87.36842105263158,Medium
Maruti Suzuki,Baleno,829912,1197,4,Petrol,170,83,115,Auto,21,950,83.0,87.36842105263158,Medium
Hyundai,Grand I10,586428,1197,4,Petrol,165,83,114,Manual,18,950,83.0,87.36842105263158,Medium
Hyundai,Grand I10,620637,1197,4,Petrol,165,83,114,Manual,19,950,83.0,87.36842105263158,Medium
Hyundai,Grand I10,652328,1197,4,Petrol,165,83,114,Auto,17,950,83.0,87.36842105263158,Medium
Hyundai,Grand I10,705538,1197,4,Petrol,165,83,114,Auto,17,950,83.0,87.36842105263158,Medium
Hyundai,Grand I10,640537,1197,4,Petrol,165,83,114,Manual,19,950,83.0,87.36842105263158,Medium
Fiat,Linea Classic,751203,1248,4,Diesel,185,76,197,Manual,19,1210,76.0,62.80991735537191,Low
Fiat,Linea Classic,646336,1368,4,Petrol,185,90,115,Manual,14,1210,90.0,74.3801652892562,Medium
Mahindra,Bolero,942263,2523,4,Diesel,180,63,195,Manual,15,1630,63.0,38.65030674846626,Low
Mahindra,Bolero,917055,2523,4,Diesel,180,63,195,Manual,15,1630,63.0,38.65030674846626,Low
Mahindra,Bolero,860720,2523,4,Diesel,180,63,195,Manual,15,1630,63.0,38.65030674846626,Low
Mahindra,Bolero,815883,2523,4,Diesel,183,63,195,Manual,15,1630,63.0,38.65030674846626,Low
Mahindra,Bolero,773678,2523,4,Diesel,183,63,195,Manual,15,1630,63.0,38.65030674846626,Low
Maruti Suzuki,Ciaz,1102689,1248,4,Diesel,170,89,200,Manual,28,1030,89.0,86.40776699029126,Medium
Maruti Suzuki,Ciaz,919689,1248,4,Diesel,170,89,200,Manual,28,1030,89.0,86.40776699029126,Medium
Maruti Suzuki,Ciaz,980689,1248,4,Diesel,170,89,200,Manual,28,1030,89.0,86.40776699029126,Medium
Maruti Suzuki,Ciaz,1062689,1248,4,Diesel,170,89,200,Manual,28,1030,89.0,86.40776699029126,Medium
Maruti Suzuki,Ciaz,819689,1462,4,Petrol,170,103,138,Manual,21,1030,103.0,100.0,High
Maruti Suzuki,Ciaz,881689,1462,4,Petrol,170,103,138,Manual,21,1030,103.0,100.0,High
Maruti Suzuki,Ciaz,958689,1462,4,Petrol,170,103,138,Manual,21,1030,103.0,100.0,High
Maruti Suzuki,Ciaz,997689,1462,4,Petrol,170,103,138,Manual,21,1030,103.0,100.0,High
Maruti Suzuki,Ciaz,980689,1462,4,Petrol,170,103,138,Auto,20,1030,103.0,100.0,High
Maruti Suzuki,Ciaz,1058688,1462,4,Petrol,170,103,138,Auto,20,1030,103.0,100.0,High
Maruti Suzuki,Ciaz,1098689,1462,4,Petrol,170,103,138,Auto,20,1030,103.0,100.0,High
Maruti Suzuki,Ciaz,1138189,1498,4,Diesel,170,94,225,Manual,26,1030,94.0,91.26213592233009,Medium
Maruti Suzuki,Ciaz,997689,1498,4,Diesel,170,94,225,Manual,26,1030,94.0,91.26213592233009,Medium
Maruti Suzuki,Ciaz,1109189,1498,4,Diesel,170,94,225,Manual,26,1030,94.0,91.26213592233009,Medium
Skoda,Rapid,998599,1598,4,Petrol,163,105,153,Manual,15,1140,105.0,92.10526315789473,Medium
Skoda,Rapid,1006139,1498,4,Diesel,163,110,250,Manual,21,1140,110.0,96.49122807017544,Medium
Skoda,Rapid,881916,1598,4,Petrol,163,105,153,Manual,15,1140,105.0,92.10526315789473,Medium
Skoda,Rapid,1129599,1498,4,Diesel,163,110,250,Manual,21,1140,110.0,96.49122807017544,Medium
Skoda,Rapid,1249599,1498,4,Diesel,163,110,250,Auto,21,1140,110.0,96.49122807017544,Medium
Skoda,Rapid,1243599,1598,4,Petrol,163,105,153,Auto,14,1140,105.0,92.10526315789473,Medium
Skoda,Rapid,1399599,1498,4,Diesel,163,110,250,Auto,21,1140,110.0,96.49122807017544,Medium
Skoda,Rapid,1273599,1498,4,Diesel,163,110,250,Manual,21,1140,110.0,96.49122807017544,Medium
Skoda,Rapid,1115599,1598,4,Petrol,163,105,153,Manual,15,1140,105.0,92.10526315789473,Medium
Skoda,Rapid,999599,1598,4,Petrol,163,105,153,Auto,14,1140,105.0,92.10526315789473,Medium
Skoda,Rapid,975599,1598,4,Petrol,163,105,153,Manual,15,1140,105.0,92.10526315789473,Medium
Skoda,Rapid,1099599,1598,4,Petrol,163,105,153,Auto,14,1140,105.0,92.10526315789473,Medium
Skoda,Rapid,1158599,1498,4,Diesel,163,110,250,Manual,21,1140,110.0,96.49122807017544,Medium
Skoda,Rapid,1273599,1498,4,Diesel,163,110,250,Auto,21,1140,110.0,96.49122807017544,Medium
Fiat,Abarth Punto,980970,1368,4,Petrol,155,145,212,Manual,16,1100,145.0,131.8181818181818,High
Hyundai,Creta,999990,1396,4,Diesel,190,90,220,Manual,21,1240,90.0,72.58064516129033,Medium
Hyundai,Creta,999990,1591,4,Petrol,190,123,151,Manual,15,1240,123.0,99.19354838709678,Medium
Hyundai,Creta,1232534,1591,4,Petrol,190,123,151,Manual,15,1240,123.0,99.19354838709678,Medium
Hyundai,Creta,1394437,1591,4,Petrol,190,123,151,Manual,15,1240,123.0,99.19354838709678,Medium
Hyundai,Creta,1377363,1591,4,Petrol,190,123,151,Auto,15,1240,123.0,99.19354838709678,Medium
Hyundai,Creta,1287041,1591,4,Petrol,190,123,151,Auto,15,1240,123.0,99.19354838709678,Medium
Hyundai,Creta,1197919,1396,4,Diesel,190,90,220,Manual,21,1240,90.0,72.58064516129033,Medium
Hyundai,Creta,1366797,1582,4,Diesel,190,128,260,Manual,19,1240,128.0,103.2258064516129,High
Hyundai,Creta,1543564,1582,4,Diesel,190,128,260,Manual,19,1240,128.0,103.2258064516129,High
Hyundai,Creta,1527395,1582,4,Diesel,190,128,260,Auto,17,1240,128.0,103.2258064516129,High
Hyundai,Creta,1421208,1582,4,Diesel,190,128,260,Manual,19,1240,128.0,103.2258064516129,High
Hyundai,Creta,1336033,1582,4,Diesel,190,128,260,Auto,17,1240,128.0,103.2258064516129,High
Hyundai,Creta,1422937,1591,4,Petrol,190,121,151,Manual,15,1240,121.0,97.58064516129032,Medium
Hyundai,Creta,1572064,1582,4,Diesel,190,126,260,Manual,19,1240,126.0,101.61290322580645,High
Hyundai,Creta,1107167,1396,4,Diesel,190,90,220,Manual,21,1240,90.0,72.58064516129033,Medium
Hyundai,Creta,1092192,1591,4,Petrol,190,123,151,Manual,15,1240,123.0,99.19354838709678,Medium
Hyundai,Creta,1279983,1591,4,Petrol,190,123,151,Manual,15,1240,123.0,99.19354838709678,Medium
Hyundai,Creta,1414247,1582,4,Diesel,190,128,260,Manual,19,1240,128.0,103.2258064516129,High
Tata,Harrier,1345363,1956,3,Diesel,205,140,350,Manual,16,1675,140.0,83.58208955223881,Medium
Tata,Harrier,1471368,1956,3,Diesel,205,140,350,Manual,16,1675,140.0,83.58208955223881,Medium
Tata,Harrier,1591368,1956,3,Diesel,205,140,350,Manual,16,1675,140.0,83.58208955223881,Medium
Tata,Harrier,1721368,1956,3,Diesel,205,140,350,Manual,16,1675,140.0,83.58208955223881,Medium
Tata,Harrier,1732231,1956,3,Diesel,205,140,350,Manual,16,1675,140.0,83.58208955223881,Medium
Tata,Harrier,1730755,1956,3,Diesel,205,140,350,Manual,16,1675,140.0,83.58208955223881,Medium
Isuzu,Dmax V-Cross,1999000,1898,4,Diesel,225,150,350,Auto,10,1950,150.0,76.92307692307693,Medium
Honda,Cr-V,2827001,1997,4,Petrol,198,154,189,Auto,14,1550,154.0,99.35483870967741,Medium
Maruti Suzuki,Alto 800 Tour,354235,796,3,Petrol,160,48,69,Manual,23,725,48.0,66.20689655172414,Low
Maruti Suzuki,Alto 800 Tour,356559,796,3,Petrol,160,48,69,Manual,24,725,48.0,66.20689655172414,Low
Hyundai,Grand I10 Nios,504990,1197,4,Petrol,165,83,114,Manual,20,940,83.0,88.29787234042553,Medium
Hyundai,Grand I10 Nios,589610,1197,4,Petrol,165,83,114,Manual,20,940,83.0,88.29787234042553,Medium
Hyundai,Grand I10 Nios,642610,1197,4,Petrol,165,83,114,Auto,20,940,83.0,88.29787234042553,Medium
Hyundai,Grand I10 Nios,643350,1197,4,Petrol,165,83,114,Manual,20,940,83.0,88.29787234042553,Medium
Hyundai,Grand I10 Nios,703350,1197,4,Petrol,165,83,114,Auto,20,940,83.0,88.29787234042553,Medium
Hyundai,Grand I10 Nios,673350,1197,4,Petrol,165,83,114,Manual,20,940,83.0,88.29787234042553,Medium
Hyundai,Grand I10 Nios,718950,1197,4,Petrol,165,83,114,Manual,20,940,83.0,88.29787234042553,Medium
Hyundai,Xcent,643769,1197,4,Petrol,165,83,114,Manual,20,1045,83.0,79.42583732057416,Medium
Hyundai,Xcent,733734,1197,4,Petrol,165,82,114,Auto,17,1045,82.0,78.4688995215311,Medium
Hyundai,Xcent,705546,1197,4,Petrol,165,82,114,Manual,20,1045,82.0,78.4688995215311,Medium
Nissan,Micra,662880,1198,3,Petrol,154,77,104,Auto,19,1030,77.0,74.75728155339806,Medium
Nissan,Micra,781686,1198,3,Petrol,154,77,104,Auto,19,1030,77.0,74.75728155339806,Medium
Nissan,Micra,743504,1461,4,Diesel,150,64,160,Manual,23,1030,64.0,62.13592233009709,Low
Nissan,Micra,812964,1461,4,Diesel,150,64,160,Manual,23,1030,64.0,62.13592233009709,Low
Mahindra,Nuvosport,797802,1493,3,Diesel,180,100,240,Manual,17,1700,100.0,58.8235294117647,Low
Mahindra,Nuvosport,905642,1493,3,Diesel,180,100,240,Manual,17,1700,100.0,58.8235294117647,Low
Mahindra,Nuvosport,984818,1493,3,Diesel,180,100,240,Manual,17,1700,100.0,58.8235294117647,Low
Mahindra,Nuvosport,972359,1493,3,Diesel,180,100,240,Auto,16,1700,100.0,58.8235294117647,Low
Mahindra,Nuvosport,1048603,1493,3,Diesel,180,100,240,Auto,16,1700,100.0,58.8235294117647,Low
Nissan,Kicks,955000,1498,4,Petrol,210,106,142,Manual,14,1300,106.0,81.53846153846153,Medium
Nissan,Kicks,1095000,1498,4,Petrol,210,106,142,Manual,14,1300,106.0,81.53846153846153,Medium
Nissan,Kicks,1109000,1461,4,Diesel,210,110,240,Manual,20,1300,110.0,84.61538461538461,Medium
Nissan,Kicks,1251000,1461,4,Diesel,210,110,240,Manual,20,1300,110.0,84.61538461538461,Medium
Nissan,Kicks,1369000,1461,4,Diesel,210,110,240,Manual,20,1300,110.0,84.61538461538461,Medium
Nissan,Kicks,1465000,1461,4,Diesel,210,110,240,Manual,20,1300,110.0,84.61538461538461,Medium
Nissan,Kicks,1465000,1461,4,Diesel,210,110,240,Manual,20,1300,110.0,84.61538461538461,Medium
Nissan,Kicks,989000,1461,4,Diesel,210,110,240,Manual,20,1300,110.0,84.61538461538461,Medium
Audi,A3,3021200,1968,4,Diesel,161,143,320,Auto,20,1440,143.0,99.30555555555554,Medium
Audi,A3,3221200,1968,4,Diesel,161,143,320,Auto,20,1440,143.0,99.30555555555554,Medium
Audi,A3,2920750,1395,4,Petrol,161,150,250,Auto,19,1440,150.0,104.16666666666667,High
Audi,A3,3120750,1395,4,Petrol,161,150,250,Auto,19,1440,150.0,104.16666666666667,High
Tata,Tiago Nrg,594993,1199,3,Petrol,180,85,114,Manual,23,935,85.0,90.9090909090909,Medium
Tata,Tiago Nrg,689993,1047,3,Diesel,180,70,140,Manual,27,935,70.0,74.8663101604278,Medium
Tata,Tiago Nrg,639993,1199,3,Petrol,180,85,114,Auto,23,935,85.0,90.9090909090909,Medium
Toyota,Yaris,940000,1496,4,Petrol,152,107,140,Manual,17,1120,107.0,95.53571428571428,Medium
Toyota,Yaris,1055000,1496,4,Petrol,152,107,140,Manual,17,1120,107.0,95.53571428571428,Medium
Toyota,Yaris,1174000,1498,4,Petrol,152,107,140,Manual,17,1120,107.0,95.53571428571428,Medium
Toyota,Yaris,1418000,1496,4,Petrol,152,107,140,Auto,17,1120,107.0,95.53571428571428,Medium
Toyota,Yaris,1175000,1496,4,Petrol,152,107,140,Auto,17,1120,107.0,95.53571428571428,Medium
Toyota,Yaris,1010000,1496,4,Petrol,152,107,140,Auto,17,1120,107.0,95.53571428571428,Medium
Toyota,Yaris,1294000,1496,4,Petrol,152,107,140,Auto,17,1120,107.0,95.53571428571428,Medium
Toyota,Yaris,1296000,1496,4,Petrol,152,107,140,Manual,17,1120,107.0,95.53571428571428,Medium
Toyota,Yaris,1197000,1498,4,Petrol,152,107,140,Manual,17,1120,107.0,95.53571428571428,Medium
Toyota,Yaris,876000,1496,4,Petrol,152,107,140,Manual,17,1120,107.0,95.53571428571428,Medium
Toyota,Yaris,974000,1496,4,Petrol,152,107,140,Manual,17,1120,107.0,95.53571428571428,Medium
Toyota,Yaris,935000,1496,4,Petrol,152,107,140,Auto,17,1120,107.0,95.53571428571428,Medium
Toyota,Yaris,1083000,1496,4,Petrol,152,107,140,Auto,17,1120,107.0,95.53571428571428,Medium
Toyota,Yaris,1317000,1498,4,Petrol,152,107,140,Auto,17,1120,107.0,95.53571428571428,Medium
Skoda,Octavia,1599599,1395,4,Petrol,155,140,250,Manual,16,1350,140.0,103.7037037037037,High
Skoda,Octavia,1799599,1968,4,Diesel,155,143,320,Manual,21,1350,143.0,105.92592592592592,High
Skoda,Octavia,1899599,1395,4,Petrol,155,140,250,Manual,16,1350,140.0,103.7037037037037,High
Skoda,Octavia,2059599,1798,4,Petrol,155,180,250,Auto,15,1350,180.0,133.33333333333334,High
Skoda,Octavia,2079599,1968,4,Diesel,155,143,320,Manual,21,1350,143.0,105.92592592592592,High
Skoda,Octavia,2299599,1968,4,Diesel,155,143,320,Auto,19,1350,143.0,105.92592592592592,High
Skoda,Octavia,2359599,1798,4,Petrol,155,180,250,Auto,15,1350,180.0,133.33333333333334,High
Skoda,Octavia,2359599,1968,4,Diesel,155,143,320,Auto,19,1350,143.0,105.92592592592592,High
Skoda,Octavia,1549000,1395,4,Petrol,155,140,250,Manual,16,1350,140.0,103.7037037037037,High
Skoda,Octavia,1699000,1968,4,Diesel,155,141,320,Manual,21,1350,141.0,104.44444444444446,High
Skoda,Octavia,1999599,1798,4,Petrol,155,180,250,Auto,15,1350,180.0,133.33333333333334,High
Skoda,Octavia,2199599,1968,4,Diesel,155,143,320,Auto,19,1350,143.0,105.92592592592592,High
Dc,Avanti,3407407,2000,4,Petrol,170,250,340,Manual,10,1560,250.0,160.25641025641028,High
Fiat,Punto Evo,535562,1172,4,Petrol,185,68,96,Manual,15,1080,68.0,62.962962962962955,Low
Fiat,Punto Evo,631292,1172,4,Diesel,185,76,197,Manual,20,1080,76.0,70.37037037037038,Medium
Fiat,Punto Evo,692655,1248,4,Diesel,185,76,197,Manual,20,1080,76.0,70.37037037037038,Medium
Fiat,Punto Evo,747774,1248,4,Diesel,185,76,197,Manual,21,1080,76.0,70.37037037037038,Medium
Honda,City,991000,1497,4,Petrol,165,119,145,Manual,17,1107,119.0,107.49774164408312,High
Honda,City,1065900,1497,4,Petrol,165,119,145,Manual,17,1107,119.0,107.49774164408312,High
Honda,City,1182000,1497,4,Petrol,165,119,145,Manual,17,1107,119.0,107.49774164408312,High
Honda,City,1312000,1497,4,Petrol,165,119,145,Auto,18,1107,119.0,107.49774164408312,High
Honda,City,1111000,1498,4,Diesel,165,100,200,Manual,25,1107,100.0,90.3342366757001,Medium
Honda,City,1191000,1498,4,Diesel,165,100,200,Manual,25,1107,100.0,90.3342366757001,Medium
Honda,City,1302000,1498,4,Diesel,165,100,200,Manual,25,1107,100.0,90.3342366757001,Medium
Honda,City,1421000,1498,4,Diesel,165,100,200,Manual,25,1107,100.0,90.3342366757001,Medium
Honda,City,1431000,1497,4,Petrol,165,119,145,Auto,22,1107,119.0,107.49774164408312,High
Honda,City,1201000,1497,4,Petrol,165,119,145,Auto,17,1107,119.0,107.49774164408312,High
Jaguar,Xe,4498000,1997,4,Petrol,125,250,365,Auto,11,1650,250.0,151.51515151515153,High
Jaguar,Xe,4498000,1999,4,Diesel,125,180,430,Auto,11,1650,180.0,109.09090909090908,High
Jaguar,Xe,4633000,1999,4,Diesel,125,180,430,Auto,11,1650,180.0,109.09090909090908,High
Jaguar,Xe,4633000,1997,4,Petrol,125,250,365,Auto,11,1650,250.0,151.51515151515153,High
Mahindra,Verito,748370,1461,4,Diesel,172,65,160,Manual,21,1140,65.0,57.017543859649116,Low
Mahindra,Verito,772617,1461,4,Diesel,172,65,160,Manual,21,1140,65.0,57.017543859649116,Low
Mahindra,Verito,845154,1461,4,Diesel,172,120,280,Manual,21,1140,120.0,105.26315789473684,High
